,PRODUCT_MDM_CODE,OBJ_KEY,img_lst
0,5133078,623245_2,https://img.hrryzx.com/upload/1/2019/5/23/ec1f9960-30ea-4f55-b406-1e0ed90cddb6.jpg;https://img.hrryzx.com/upload/1/2019/5/23/cfd1ea5f-9dc7-4231-be40-a5fd8d31b417.jpg;https://img.hrryzx.com/upload/1/2019/5/23/2dc00b93-e37f-4193-b6c7-acc12d3c31ed.jpg
1,1015357,557342_2,https://img.hrryzx.com/upload/1/2018/10/31/34c8b2ad-58e6-4150-88d8-2387a7b11244.jpg;https://img.hrryzx.com/upload/1/2018/10/22/a71acece-acc4-4a5a-9764-b986ad112fa5.jpg;https://img.hrryzx.com/upload/1/2018/10/22/d30f4351-181e-4dbc-8a20-cd8b83161fbb.jpg;https://img.hrryzx.com/upload/1/2018/10/22/77e9dd93-76b8-4f74-9058-631247f47276.jpg
2,1877449,609761_2,https://img.hrryzx.com/upload/1/2018/10/23/657d0288-718f-4cfc-920b-1626cc58882f.jpg;https://img.hrryzx.com/upload/1/2018/10/23/53ff7cb0-152e-4c5f-9e50-af0872787618.jpg;https://img.hrryzx.com/upload/1/2018/10/23/41135a73-45d3-4fac-a672-8a47b91ba6a7.jpg
3,1035454,545390_2,https://img.hrryzx.com/upload/1/2019/8/16/d0e2cf37-18f4-4abd-90a9-d2c584d20f5a.jpg;https://img.hrryzx.com/upload/1/2019/8/16/a3621e4c-0a07-4c52-bf32-1c2ae18402bf.jpg;https://img.hrryzx.com/upload/1/2019/8/16/c04f9692-2a8c-4c0a-93f9-4a7127beaadb.jpg;https://img.hrryzx.com/upload/1/2019/8/16/3ee17edf-4e9e-4e54-892d-c1eab04c52ee.jpg
4,1049133,134613_2,https://img.hrryzx.com/upload/1/2018/12/26/bbb007c8-8949-49cb-b031-4250cc3dc8e0.JPG;https://img.hrryzx.com/upload/1/2018/12/26/9fd46e83-afa6-42d9-81c1-d1620d8061a2.JPG;https://img.hrryzx.com/upload/1/2018/12/26/911ecd75-4a8e-45ea-9fbe-5e6114c7b6d4.JPG
5,1679925,213212_2,https://img.hrryzx.com/upload/1/2018/10/31/b0433189-8d00-403a-a444-312b26870196.jpg;https://img.hrryzx.com/upload/1/2018/10/31/43448a99-6087-4f78-ad95-a6ef331b6fbd.jpg
6,1682806,599118_2,https://img.hrryzx.com/upload/1/2019/5/23/1a415438-c46b-459b-b714-acc9f22301ed.jpg;https://img.hrryzx.com/upload/1/2019/5/23/90311e9b-0c69-4527-b967-793ca7a8b6a9.jpg;https://img.hrryzx.com/upload/1/2019/5/23/edf95b9f-1763-4960-9107-227bc9e90d03.jpg
7,1012944,555131_2,https://img.hrryzx.com/upload/1/2018/10/22/624a77b4-cb61-4779-8b37-0ec9aacfcd62.jpg;https://img.hrryzx.com/upload/1/2018/10/22/ad619348-1c86-4954-9938-361d29bb692f.jpg;https://img.hrryzx.com/upload/1/2018/10/22/9a46dbd6-d081-460a-bff7-f50c359124ce.jpg;https://img.hrryzx.com/upload/1/2018/10/22/1163ed15-fd1d-481b-8b86-d0d7920cc63e.jpg;https://img.hrryzx.com/upload/1/2018/10/22/9a3c2db1-140a-4321-bf30-8217d8ee221e.jpg;https://img.hrryzx.com/upload/1/2018/10/22/1e19f596-d9f5-4c4a-a84d-3ab923dfad5e.jpg
8,2183810,622213_2,https://img.hrryzx.com/upload/1/2019/3/23/5898ef11-0602-4e89-a346-9bc6005e6ab3.jpg;https://img.hrryzx.com/upload/1/2019/3/23/8e9dc957-0ad5-4c4c-8801-788645e91731.jpg;https://img.hrryzx.com/upload/1/2019/3/23/1db63ffd-3f98-465b-9186-0ec104b3fff2.jpg;https://img.hrryzx.com/upload/1/2019/3/23/7c13a57d-4087-4502-a56d-db8b4c393c63.jpg
9,1006822,33997_2,1/2020/1/13/51ceb65b-3e64-46a9-8b32-8e467b53d7a0.jpg
10,1582323,572755_2,https://img.hrryzx.com/upload/1/2019/6/21/ce263a35-b109-481d-8525-e4b6e36a3635.jpg
11,1740647,605246_2,
12,1690835,599112_2,https://img.hrryzx.com/upload/1/2019/7/15/55529816-83ea-42ac-a224-befd605e8255.jpg
13,2002492,558499_2,https://img.hrryzx.com/upload/1/2019/6/21/88e68faf-0f63-4b3d-a5c7-e56bcc148a83.jpg;https://img.hrryzx.com/upload/1/2019/6/21/28a18424-8116-4efa-8b37-c7b628ee970f.JPG;https://img.hrryzx.com/upload/1/2019/6/21/e21ceab6-f699-4967-970d-001d39a4b9e4.JPG
14,1001388,557077_2,https://img.hrryzx.com/upload/1/2018/10/31/f7623a60-3277-49aa-a218-6e8c8b8b7151.jpg;https://img.hrryzx.com/upload/1/2018/10/31/6d87b2d8-a385-4642-b127-e8285b6207a9.jpg;https://img.hrryzx.com/upload/1/2018/10/31/e7f0f2ec-4b76-46f5-89aa-1e730037a877.jpg;https://img.hrryzx.com/upload/1/2018/10/31/d1e7d5db-e8e6-4507-9091-11a384c3342b.jpg;https://img.hrryzx.com/upload/1/2018/10/31/44d98548-0be2-48c1-bdf9-0f95709e3c7c.jpg
15,1692896,600948_2,https://img.hrryzx.com/upload/1/2019/5/23/33f8986b-e9eb-495d-82de-bfe649b7769d.jpg;https://img.hrryzx.com/upload/1/2019/5/23/ddf86b8e-0c70-4916-a69b-cb0b274ee8c5.jpg;https://img.hrryzx.com/upload/1/2019/5/23/b34102be-325f-4587-a134-327ce4490578.jpg
16,1048382,570340_2,https://img.hrryzx.com/upload/1/2019/3/30/2715c8f5-0a6e-432d-a28f-c47ee270b40a.jpg;https://img.hrryzx.com/upload/1/2019/3/30/e83572bc-f4f7-4b2f-8441-a0b5bc31159f.jpg;https://img.hrryzx.com/upload/1/2019/3/30/567d2f1a-c2be-41b8-980f-dfa7228839bc.jpg
17,2106665,338474_2,https://img.hrryzx.com/upload/1/2019/2/19/6c11ff8b-2322-497b-9dcd-52785f54f4e0.JPG;https://img.hrryzx.com/upload/1/2019/2/19/751fef6e-2acb-4c29-b511-5881162a7d22.JPG
18,5191980,635032_2,1/2020/6/1/e97df6b1-485d-44e9-a9e9-44b16d66f81e.jpg;1/2020/6/1/aba8893f-6f86-4fe0-980c-765855c8c3a1.jpg;1/2020/6/1/1af326ce-5e59-46a4-a047-664f99dd8016.jpg
19,1174576,541690_2,https://img.hrryzx.com/upload/1/2019/9/16/9b2fbc86-fd11-4282-b18e-65b8ead1a60e.jpg;https://img.hrryzx.com/upload/1/2019/9/16/cf262d87-aaf7-4acd-b75d-951ad11acc77.jpg;https://img.hrryzx.com/upload/1/2019/9/16/cf8f1564-1b9a-44d1-865c-a27b9f3c9349.jpg;https://img.hrryzx.com/upload/1/2019/9/16/2980c9c3-ae75-4e66-b6ef-c53ec4c94736.jpg
20,1010565,550699_2,https://img.hrryzx.com/upload/1/2018/10/22/d39c0ce8-dff8-40ba-908d-8ebcb30045b5.jpg;https://img.hrryzx.com/upload/1/2018/10/22/69d8d0ef-915b-4ec8-8476-10a3a91a6d9a.jpg;https://img.hrryzx.com/upload/1/2018/10/22/90009985-2b48-4db2-9382-11559348481b.jpg
21,1033553,547487_2,https://img.hrryzx.com/upload/1/2018/10/23/4e0a0184-c9c6-4264-b071-47cf3b1821e8.jpg;https://img.hrryzx.com/upload/1/2018/10/23/4cd71e4d-f406-454e-9270-07f4791f14b4.jpg;https://img.hrryzx.com/upload/1/2018/10/23/1999109d-7b86-49c9-89ea-6e46ba7e73e1.jpg;https://img.hrryzx.com/upload/1/2018/10/23/8e5dcdfa-7c4d-4f54-ae13-c5930c266a03.jpg
22,1004624,547702_2,1/2020/6/1/018f592c-e2cf-4ff3-9206-3d0d63a25d50.jpg;1/2020/6/1/b581ec52-3103-4b0b-b923-e30e0fad11e4.jpg;1/2020/6/1/28930471-a9da-4a5b-a432-0a9d2b16a4be.jpg;1/2020/6/1/64ac8e73-1a8e-4359-8545-59b00a958b69.jpg
23,5128597,623358_2,https://img.hrryzx.com/upload/1/2019/2/19/8526f97d-4fdc-4a27-93c4-ac17c8258795.JPG;https://img.hrryzx.com/upload/1/2019/2/19/054a3858-6963-4397-9499-952cbb374a23.JPG;https://img.hrryzx.com/upload/1/2019/2/19/4b0b6123-d1a1-4411-bfc0-9fd38eb56253.JPG
24,1119963,13849_2,https://img.hrryzx.com/upload/1/2019/3/30/65ca53f1-0ffd-43cb-adc8-74eef14b28e7.jpg;https://img.hrryzx.com/upload/1/2019/3/30/50cd0512-aa99-4af1-a1bf-c9fb4bcfa93d.jpg;https://img.hrryzx.com/upload/1/2019/3/30/76dc1951-756f-476f-89cb-30e113b476aa.jpg;https://img.hrryzx.com/upload/1/2019/3/30/ca6616a3-2357-457f-988b-f8251bb9349c.jpg
25,1642822,597358_2,https://img.hrryzx.com/upload/1/2019/8/16/b318f423-c8c7-4b23-abe9-3b60ce9bffaa.jpg;https://img.hrryzx.com/upload/1/2019/8/16/d6d45b6c-acf1-4600-9018-57c4e4234176.jpg;https://img.hrryzx.com/upload/1/2019/8/16/6afc2527-663f-4d50-8803-6504b4245d14.jpg;https://img.hrryzx.com/upload/1/2019/8/16/53cb7260-f4cf-4dfe-aa97-7b0b2bfc1d78.jpg
26,1003232,556592_2,https://img.hrryzx.com/upload/1/2019/2/19/af2fed15-52f2-4b18-8f27-049ad2ed1faa.JPG;https://img.hrryzx.com/upload/1/2019/2/19/4e8237be-aec9-46d9-b915-bf9ef6db2197.JPG;https://img.hrryzx.com/upload/1/2019/2/19/ea3bf332-a983-4d59-81c7-6852d420c389.JPG
27,1619925,181427_2,https://img.hrryzx.com/upload/1/2019/1/22/02fb09bb-7b74-4027-9635-916d7c023ba0.jpg
28,1119598,544245_2,1/2020/6/1/37cec5d3-9424-41be-afa4-79b3c5372160.jpg;1/2020/6/1/90ed99bd-b358-43ed-8c08-0ad2e0d608ec.jpg;1/2020/6/1/21253826-fb29-4ee2-9daf-6d1b76f9a0e1.jpg
29,1779045,272144_2,https://img.hrryzx.com/upload/1/2019/1/22/eb336943-21cf-48fa-ba5b-60b5e06d3b3b.jpg;https://img.hrryzx.com/upload/1/2019/1/22/e1f1f36a-fd23-4158-a6ce-8bb0b98b6e3f.jpg;https://img.hrryzx.com/upload/1/2019/1/22/061b2c81-bab6-4a80-a9ec-f42f39b44c2e.jpg;https://img.hrryzx.com/upload/1/2019/1/22/3fddc20f-724f-4f0e-a840-e65a3bc7d554.jpg
30,2168287,395741_2,https://img.hrryzx.com/upload/1/2018/12/25/01e2150c-31b6-4e72-bc72-f32b7a0c7c8f.jpg;https://img.hrryzx.com/upload/1/2018/12/25/db2f1b2e-23a0-481e-b791-b478d1cdf881.jpg;https://img.hrryzx.com/upload/1/2018/12/25/c24203a8-e0db-4298-86d0-d41a959b1f19.jpg
31,1045489,127729_2,https://img.hrryzx.com/upload/1/2019/4/30/e0a01544-4c4e-445c-ad31-743fa54b9db1.jpg;https://img.hrryzx.com/upload/1/2019/4/30/3b5f6a9f-89a3-4b30-9093-e9ec3b4b7eae.jpg;https://img.hrryzx.com/upload/1/2019/4/30/d0a05fa1-965d-4dd5-b6b0-842622958057.jpg
32,1645154,597325_2,https://img.hrryzx.com/upload/1/2019/8/16/8e9df2f7-adeb-4898-8885-8570e4d56ee4.jpg;https://img.hrryzx.com/upload/1/2019/8/16/3e52a4e2-794c-40be-8fd0-5f5c93a5c526.jpg;https://img.hrryzx.com/upload/1/2019/8/16/01e8e36a-23eb-42bd-b89d-e478fdb7e54a.jpg
33,1685748,218363_2,1/2020/5/30/c9763bd8-acd3-4aef-938f-219056615e49.jpg;1/2020/5/30/9efe8430-c8f2-408f-8304-0c84b1c077da.jpg
34,1186977,560356_2,https://img.hrryzx.com/upload/1/2018/10/22/1f28c640-3267-401e-8f99-7eb064213c23.jpg;https://img.hrryzx.com/upload/1/2018/10/22/de76baa2-f1ee-4c12-aa76-d8e993979eb5.jpg;https://img.hrryzx.com/upload/1/2018/10/22/11fa94d0-8668-449e-9e4c-a27b91eeaa55.jpg;https://img.hrryzx.com/upload/1/2018/10/22/08bb1f46-4f00-4b84-868c-8c922bc72ac2.jpg;https://img.hrryzx.com/upload/1/2018/10/22/7dcbb619-4518-42a3-b991-a052004d376f.jpg;https://img.hrryzx.com/upload/1/2018/10/22/02071f7a-97d9-40ac-bb70-8d76691c1228.jpg
35,1116213,543429_2,1/2020/5/30/7b729caa-3869-41f3-b623-c6c149fc9180.jpg;1/2020/5/30/54b2f69a-589a-4f1c-9c2c-26a5f63370f0.jpg
36,5038226,615036_2,https://img.hrryzx.com/upload/1/2019/8/2/ef2ec4dc-fe47-4248-b4c2-3b8bb485eae5.jpg;https://img.hrryzx.com/upload/1/2019/8/2/c9510884-cff4-4b05-b536-b92583fe252a.jpg;https://img.hrryzx.com/upload/1/2019/8/2/afc1b20d-8296-49cb-9df4-dadf8dca3a76.jpg;https://img.hrryzx.com/upload/1/2019/8/2/47d55b98-d439-4b1f-8731-80393cc709ae.jpg;https://img.hrryzx.com/upload/1/2019/8/2/da56a8f4-b40a-4f76-828a-340f90f397bd.jpg
37,1583439,149380_2,https://img.hrryzx.com/upload/1/2018/10/30/3f7b7904-b12e-4c75-ae01-4b22252879a1.jpg
38,1580739,573221_2,https://img.hrryzx.com/upload/1/2019/8/16/b38c6748-ffc2-4254-bb4d-7d27c9d0c48d.jpg;https://img.hrryzx.com/upload/1/2019/8/16/c8609aff-faf0-4226-83a3-9896949a73e1.jpg;https://img.hrryzx.com/upload/1/2019/8/16/0d1ef3bc-6cd5-4465-ba61-15f0f7bafa14.jpg;https://img.hrryzx.com/upload/1/2019/8/16/c846e856-52c8-4377-ad50-c26b6240635d.jpg
39,1014014,551627_2,1/2019/12/13/9c06f9fe-59d5-4916-8133-51bf9dd4f118.jpg
40,1048432,129008_2,https://img.hrryzx.com/upload/1/2019/5/24/776f92c4-e9f1-41e5-9d83-291a15ac9f70.jpg;https://img.hrryzx.com/upload/1/2019/5/24/d59671d6-9566-4ef8-9a19-5515a82ba28e.jpg;https://img.hrryzx.com/upload/1/2019/5/24/4c377db3-6e5a-4ad5-ae4a-ec9a5f7b2840.jpg
41,1694210,601038_2,https://img.hrryzx.com/upload/1/2019/8/27/64a39f48-f8ca-4b17-bb5f-b3ec9a0d0b40.jpg
42,1002612,63870_2,https://img.hrryzx.com/upload/1/2018/10/30/4d1766c5-2616-4132-96bc-4c373216e42a.jpg
43,5025533,613067_2,https://img.hrryzx.com/upload/1/2019/5/23/1686c772-e9e3-477c-80fd-012432e2a0ba.jpg
44,1048431,570957_2,https://img.hrryzx.com/upload/1/2018/12/26/9798203a-8da9-4b70-900c-47b539924b0f.jpg;https://img.hrryzx.com/upload/1/2018/12/26/d58170ec-a81e-452a-9089-19567f67dadd.jpg;https://img.hrryzx.com/upload/1/2018/12/26/7b117a26-45e8-421c-b1a2-e27257bd3ebb.jpg;https://img.hrryzx.com/upload/1/2018/12/26/e6a5def8-f5e4-44ce-abc0-e56e587487f8.jpg
45,1684716,603329_2,https://img.hrryzx.com/upload/1/2019/5/23/6aa60efe-866b-4774-8066-192bd2c34e00.jpg;https://img.hrryzx.com/upload/1/2019/5/23/ba77c8f7-6f41-4c78-a201-77c7e25263bd.jpg
46,5027299,611636_2,https://img.hrryzx.com/upload/1/2019/5/23/a91e36c5-05db-4722-bf52-b64bfc7563d1.jpg;https://img.hrryzx.com/upload/1/2019/5/23/2e5ded9c-5ab4-485d-bd93-a3fcd9dddb0d.jpg
47,1635538,596586_2,https://img.hrryzx.com/upload/1/2018/10/30/27b4b4e3-63e0-488d-9d4e-fef197d5f998.jpg
48,1635528,597037_2,https://img.hrryzx.com/upload/1/2018/10/31/470fb7c3-4963-411a-b232-fac45bd38b16.jpg
49,1777626,608958_2,https://img.hrryzx.com/upload/1/2019/1/22/0343a9e5-80f2-4bc6-946a-e7f3d1a25f94.jpg;https://img.hrryzx.com/upload/1/2019/1/22/28666b1f-ef08-492d-a44a-c1d5db1a821b.jpg;https://img.hrryzx.com/upload/1/2019/1/22/e2aafa33-1795-44d6-aeab-2cbe3242d7e7.jpg
50,1631846,596312_2,https://img.hrryzx.com/upload/1/2019/5/23/ec7d0f11-fbd4-4e04-ad81-17deb1d4f14e.jpg
51,1006713,555423_2,https://img.hrryzx.com/upload/1/2019/5/23/1a77c746-cc3c-4400-861e-9626f46168e5.jpg;https://img.hrryzx.com/upload/1/2019/5/23/98945eee-ff9d-4c26-b3aa-52dfc03ceaf8.jpg;https://img.hrryzx.com/upload/1/2019/5/23/884472b8-be78-45cb-b3ca-cca5e8ba1a8a.jpg
52,1620106,589806_2,https://img.hrryzx.com/upload/1/2018/10/23/eb0d79dc-c8ca-4dea-b7a4-81a4b4bfd00d.jpg;https://img.hrryzx.com/upload/1/2018/10/23/ff8ea715-9631-49b7-ba17-93ad16c56c95.jpg
53,1010550,557012_2,https://img.hrryzx.com/upload/1/2018/10/22/cf92d4fa-c8bd-4612-9ba9-97011d4e79b8.jpg;https://img.hrryzx.com/upload/1/2018/10/22/0d2cc619-88fa-408a-8d41-ae5d2d2e12f8.jpg;https://img.hrryzx.com/upload/1/2018/10/22/ccdaef15-87ca-440f-a20c-e18220797a7e.jpg
54,1531887,566147_2,https://img.hrryzx.com/upload/1/2018/10/30/2f10a80b-ec5e-4687-bdc8-6b98f67549d8.jpg;https://img.hrryzx.com/upload/1/2018/10/23/bcc468d4-e8cb-49bd-b488-3b3a81dc412e.jpg
55,1003168,551804_2,https://img.hrryzx.com/upload/1/2018/10/31/7778345c-09ac-4d0a-a1a8-90ce93dd9590.jpg;https://img.hrryzx.com/upload/1/2018/10/22/0edcf46f-c0aa-4def-a029-e3bf094c03e7.JPG;https://img.hrryzx.com/upload/1/2018/10/22/7e5a679b-94fb-4431-99b1-063a13ea2fdb.JPG;https://img.hrryzx.com/upload/1/2018/10/22/59dc0bde-9a7d-4439-bafc-724981bb399a.JPG
56,1014798,41258_2,https://img.hrryzx.com/upload/1/2019/3/29/973d6d49-a174-4979-b875-b073f633c4b6.jpg;https://img.hrryzx.com/upload/1/2019/3/29/a006d141-9e38-4075-8d37-949e1e5c51a3.jpg
57,1622774,591187_2,https://img.hrryzx.com/upload/1/2019/4/30/293936d8-03dd-4096-b92c-559cebd22454.jpg;https://img.hrryzx.com/upload/1/2019/4/30/c33d6ca4-86c5-440e-a91f-c81296228070.jpg;https://img.hrryzx.com/upload/1/2019/4/30/aa7f3dc8-5222-43e6-a638-f62cdfced5a7.jpg
58,1557099,570993_2,https://img.hrryzx.com/upload/1/2018/10/23/1b900c79-d9c0-403f-b108-3dc2427dd4ad.jpg;https://img.hrryzx.com/upload/1/2018/10/23/083c2ddf-db53-4030-aee2-99e168283eed.jpg;https://img.hrryzx.com/upload/1/2018/10/23/3c3c1971-b96f-471b-bc47-c192d455a1f7.jpg
59,1609529,584188_2,https://img.hrryzx.com/upload/1/2018/10/31/ee0f1a6a-48b6-431e-a521-4fb78ab27622.jpg
60,1625278,592180_2,https://img.hrryzx.com/upload/1/2019/3/30/b81197f4-8471-479f-bc1a-8385cf35859e.jpg;https://img.hrryzx.com/upload/1/2019/3/30/f289b052-a866-410d-be3c-bbe18e4a1c89.jpg
61,1014703,551500_2,https://img.hrryzx.com/upload/1/2018/10/31/aaabbd8c-ac58-4c85-ae37-2d9cecbb5a69.JPG;https://img.hrryzx.com/upload/1/2018/10/31/c706e4f5-eec6-4a7e-9ce4-09af35486a50.JPG
62,1616910,588306_2,https://img.hrryzx.com/upload/1/2019/2/19/b2f21b47-9fc7-4853-807e-3e6a25c33df0.JPG;https://img.hrryzx.com/upload/1/2019/2/19/c74adea0-8884-41fb-951c-c33bd8114523.JPG
63,1117746,543463_2,https://img.hrryzx.com/upload/1/2019/7/18/4982f033-b3da-4680-b39d-20a6b6503345.jpg;https://img.hrryzx.com/upload/1/2019/7/18/2b08a2fd-cd41-480b-8fce-1a9aa8706536.jpg;https://img.hrryzx.com/upload/1/2019/7/18/3314dcf9-754c-49e1-95dd-ef049ddf2d58.jpg
64,1015512,556610_2,https://img.hrryzx.com/upload/1/2018/10/22/15a3756b-4d1a-4e02-bb9b-36b223170f32.jpg;https://img.hrryzx.com/upload/1/2018/10/22/f9fc6c7d-0db9-489f-a589-2940ca894303.jpg;https://img.hrryzx.com/upload/1/2018/10/22/ba8b69c7-6c6d-4a37-9a9b-b7b185f20f0e.jpg
65,1540249,567749_2,https://img.hrryzx.com/upload/1/2018/10/31/b4546c94-8486-4fef-a2e0-0e125b223de1.jpg;https://img.hrryzx.com/upload/1/2018/10/22/2b9b1375-14aa-49d5-b5b9-c2454ac3c856.JPG;https://img.hrryzx.com/upload/1/2018/10/22/85cdebe6-5433-44d9-b227-20a3ae84a514.JPG;https://img.hrryzx.com/upload/1/2018/10/22/dc2b3daf-b749-4e42-98e6-a1f7572c94f8.JPG
66,1514755,561691_2,https://img.hrryzx.com/upload/1/2018/10/31/54289fcc-bb7d-4c80-b17d-55b8111b7965.jpg;https://img.hrryzx.com/upload/1/2018/10/30/b315fffa-75e6-42c7-af85-3a8aafa3d15b.jpg
67,1150614,544765_2,1/2019/9/12/5cafc9e8-fec6-4e31-af5e-252a7e9ed837.jpg
68,1519222,562881_2,https://img.hrryzx.com/upload/1/2018/12/26/1dab97f9-853d-4260-b4b1-b69905900354.jpg;https://img.hrryzx.com/upload/1/2018/12/26/2e904182-6100-4f63-b2bd-6d613c9a24b4.jpg;https://img.hrryzx.com/upload/1/2018/12/26/2cbef2d7-498f-4c69-8ad0-453af7eeccbf.jpg;https://img.hrryzx.com/upload/1/2018/12/26/623e0ba8-fb29-4d55-a5d2-ff4c8341a761.jpg
69,1740835,606064_2,https://img.hrryzx.com/upload/1/2019/7/15/3d4cadef-bcf2-4868-bb31-515b1a2f4b30.jpg;https://img.hrryzx.com/upload/1/2019/7/15/fe7b14fb-c83d-4606-b611-a93e65a885f6.jpg;https://img.hrryzx.com/upload/1/2019/7/15/1e83c183-4823-40a7-8b76-26596c8a43c5.jpg;https://img.hrryzx.com/upload/1/2019/2/19/f214b617-fe1e-45a2-a988-8e845f16f697.JPG;https://img.hrryzx.com/upload/1/2019/2/19/32c1f6e1-fe61-49db-8164-4e06b5f6eebd.JPG
70,1501532,561405_2,https://img.hrryzx.com/upload/1/2019/7/18/92a369a3-4062-432b-8282-9bbaa00fdb1d.jpg;https://img.hrryzx.com/upload/1/2019/7/18/15a7dc40-c1d0-4897-b5ac-f16c7d54270c.jpg;https://img.hrryzx.com/upload/1/2019/7/18/a80456f2-5f82-49b8-ab25-0fb245c68095.jpg
71,1116527,543110_2,https://img.hrryzx.com/upload/1/2018/12/26/dad861e6-0f62-47ea-810c-81e95d467d37.JPG;https://img.hrryzx.com/upload/1/2018/12/26/891d1ec9-54da-4bb6-8c77-6ff398bd6376.JPG;https://img.hrryzx.com/upload/1/2018/12/26/e64ad4ae-56e2-4e69-a2d4-7b0ac69f3ccf.JPG
72,1511077,565404_2,https://img.hrryzx.com/upload/1/2019/4/30/3c82ab7c-1010-445a-a11d-d008795ab133.jpg;https://img.hrryzx.com/upload/1/2019/4/30/59608f64-9984-4eff-a396-75a6ad8a3312.jpg;https://img.hrryzx.com/upload/1/2019/4/30/2fc37f16-be05-4460-968c-e980331d19db.jpg
73,1112445,543326_2,https://img.hrryzx.com/upload/1/2018/12/26/92ebdbd7-ac3b-41c6-ae12-9fdd5938dc3c.jpg;https://img.hrryzx.com/upload/1/2018/12/26/c7c2d3bc-11ad-4b60-a0de-68ae1d63dccc.jpg
74,1209807,76479_2,https://img.hrryzx.com/upload/1/2019/2/19/891834ed-5269-4ab6-b5fe-ffdc99906dd6.jpg;https://img.hrryzx.com/upload/1/2019/2/19/11c52eaf-4973-47ab-81d6-17604950bbe1.jpg;https://img.hrryzx.com/upload/1/2019/2/19/c2db5f49-0efb-41a2-b4c0-fff555253952.jpg
75,1626933,593238_2,1/2020/5/28/968c81a2-8efc-46d4-bef7-d4695bb0f33a.jpg;1/2020/5/28/d39fdc25-6dd2-4066-b04d-9771767fcfd1.jpg;1/2020/5/28/bdde8ff2-2ab8-432f-8460-6738e0ddbdee.jpg
76,1115854,544041_2,https://img.hrryzx.com/upload/1/2019/9/6/2078e126-3a95-443d-a8ae-44e19868c34b.JPG
77,1000221,557250_2,https://img.hrryzx.com/upload/1/2018/11/1/aa5816f9-4a53-4295-83b6-ab2d61d0501f.JPG;https://img.hrryzx.com/upload/1/2018/11/1/b021efeb-eb6c-4270-bca3-cbbd22db5cb5.JPG;https://img.hrryzx.com/upload/1/2018/11/1/8769df25-e5df-4364-8326-0446dbbb4652.JPG;https://img.hrryzx.com/upload/1/2018/10/31/bd6072fb-13e3-4d01-9ebd-9c5281399e4a.JPG;https://img.hrryzx.com/upload/1/2018/10/31/3d176771-ddc1-4b67-b027-191d64cae3ca.JPG;https://img.hrryzx.com/upload/1/2018/10/31/b02831f9-ddae-469c-a471-f346890337ba.jpg;https://img.hrryzx.com/upload/1/2018/10/31/c7ad61a1-6139-4420-b0e3-3e3439a64278.JPG;https://img.hrryzx.com/upload/1/2018/10/31/29ca0100-e06e-4fd8-a160-6e396a3434f1.JPG;https://img.hrryzx.com/upload/1/2018/10/31/62ff21b2-2941-4304-a978-b9a99048abbf.JPG;https://img.hrryzx.com/upload/1/2018/10/31/5fa25a92-c9c6-4229-932f-5948d12df873.jpg
78,1635779,596695_2,https://img.hrryzx.com/upload/1/2019/8/16/474ac405-b181-4458-a4ac-4f3e3e157315.jpg;https://img.hrryzx.com/upload/1/2019/8/16/04bea3c1-55ef-426e-918b-9dc77e338cc5.jpg;https://img.hrryzx.com/upload/1/2019/8/16/1122fc85-5893-41a4-89aa-028c7e0b7d6c.jpg;https://img.hrryzx.com/upload/1/2019/8/16/646290c0-d85f-4eca-b07e-31ff20bb3767.jpg;https://img.hrryzx.com/upload/1/2019/8/16/e685db6b-f83d-4745-b68c-3d0549f509dd.jpg
79,5177822,630614_2,1/2020/6/1/442e5cde-8066-41dd-b1d4-badaafd1d137.jpg;1/2020/6/1/2cb44806-80d1-4be0-89f6-05e32ae13686.jpg
80,1531998,109102_2,https://img.hrryzx.com/upload/1/2018/10/23/561f949f-0a1e-40bf-b287-a9e6f913e2d7.jpg;https://img.hrryzx.com/upload/1/2018/10/23/24b73777-36ac-4c1e-95f4-93be38efd208.jpg;https://img.hrryzx.com/upload/1/2018/10/23/879ac8f9-7ccc-4bba-8506-829448e67441.jpg;https://img.hrryzx.com/upload/1/2018/10/23/13543dca-e297-4aec-adc5-1ca4701eb424.jpg;https://img.hrryzx.com/upload/1/2018/10/23/9d851b6a-9da1-4f56-b149-cf3a07677897.jpg;https://img.hrryzx.com/upload/1/2018/10/23/7e83ee2e-1ec9-473a-9d99-a4fbfda3c33e.jpg
81,1006994,557311_2,https://img.hrryzx.com/upload/1/2018/10/31/34d39ce1-14db-4780-b9ab-05e683b3c321.jpg
82,1009736,164_2,https://img.hrryzx.com/upload/1/2019/2/19/1e550286-27c2-4b5b-acd1-8d6ff65bd4e8.JPG;https://img.hrryzx.com/upload/1/2019/2/19/452521c6-1a77-4cb6-92cb-728f394d5b42.JPG
83,1635666,205266_2,https://img.hrryzx.com/upload/1/2018/10/31/fa39706c-0c9c-4c16-9499-4851f680fb68.jpg
84,1009812,540444_2,https://img.hrryzx.com/upload/1/2018/10/23/00f3529f-5df4-43b3-9c15-8e8691c8b454.jpg;https://img.hrryzx.com/upload/1/2018/10/23/85010154-67eb-455b-a256-0a4349c1e1b3.jpg
85,1017367,46562_2,https://img.hrryzx.com/upload/1/2018/10/31/4b097844-3edb-472f-a9ae-5513ba8e2496.jpg;https://img.hrryzx.com/upload/1/2018/10/31/b47b5498-8c5a-4cff-a33f-4b2e019af103.jpg
86,5058419,618851_2,https://img.hrryzx.com/upload/1/2019/8/16/e4909949-0187-446c-b6e8-400d48cc57c8.jpg;https://img.hrryzx.com/upload/1/2019/8/16/ad10028d-1752-41fe-9332-d6ccb03581ab.jpg;https://img.hrryzx.com/upload/1/2019/8/16/994ab266-07a9-4b2a-b55e-4140dfb81509.jpg
87,1501523,561376_2,https://img.hrryzx.com/upload/1/2019/5/31/1458bb95-e07f-4166-9a5d-6897be053136.jpg;https://img.hrryzx.com/upload/1/2018/10/23/119001be-e748-4ac1-9809-0cde6cf900e2.jpg;https://img.hrryzx.com/upload/1/2018/10/23/365bf87c-7e07-4681-8333-67a3addcdd1b.jpg;https://img.hrryzx.com/upload/1/2018/10/23/bd69e9dd-a7b2-42ab-b303-f3b211a4fd68.jpg
88,1004336,556842_2,1/2020/6/1/9f5b712c-729b-45fd-a51f-f9913cd7e637.jpg;1/2020/6/1/d4f8f681-1d18-4799-99b8-cd59960a913e.jpg;1/2020/6/1/da0608e5-14a8-4a1e-8030-045879747787.jpg
89,1037775,555095_2,https://img.hrryzx.com/upload/1/2018/10/22/d8ed3df5-cbd7-4456-8e20-d8d98ef8f03d.jpg;https://img.hrryzx.com/upload/1/2018/10/22/c30750ea-27b1-4915-87cd-7706ae423dbe.jpg;https://img.hrryzx.com/upload/1/2018/10/22/a056ecf0-87cd-4cdb-b8b8-5e299d9f3403.jpg
90,1177148,556372_2,https://img.hrryzx.com/upload/1/2019/3/9/e38f5120-255e-4d42-870f-a2cca39f645f.jpg;https://img.hrryzx.com/upload/1/2019/3/9/7ee1ad1d-3bf2-4016-9cc3-e23436a6bfb2.jpg
91,5133438,623643_2,https://img.hrryzx.com/upload/1/2019/5/24/8fe47111-7de8-47d9-9a57-5706bcdcb339.jpg
92,1009133,547353_2,https://img.hrryzx.com/upload/1/2019/2/19/ae7e8c3d-f528-460a-9487-be1cfc0ba6bc.JPG;https://img.hrryzx.com/upload/1/2019/2/19/25d28c73-d67f-4d4e-8457-c8d87e6f9d9b.JPG;https://img.hrryzx.com/upload/1/2019/2/19/58656fc6-b3ab-420e-adbe-65aa1e7488b9.JPG
93,1531280,108523_2,https://img.hrryzx.com/upload/1/2019/8/16/fc1edd5a-5a75-48ac-bd96-9f16f9b3513c.jpg;https://img.hrryzx.com/upload/1/2019/8/16/58902108-d72c-48c6-82e3-7e0724c92e21.jpg;https://img.hrryzx.com/upload/1/2019/8/16/f7529236-1459-4177-a441-56f7e335bda4.jpg;https://img.hrryzx.com/upload/1/2019/8/16/83f61187-6cd6-4d9a-80d1-b2efd25d5cfc.jpg;https://img.hrryzx.com/upload/1/2019/8/16/987e2977-4231-4dfd-889d-31548ac3034e.jpg
94,1514728,561605_2,https://img.hrryzx.com/upload/1/2019/3/9/18f29c63-3802-4213-b3c4-6d2c96ace9e4.jpg;https://img.hrryzx.com/upload/1/2019/3/9/35c5dc7e-4c3d-4b3c-aa0e-290e6394b2e1.jpg
95,5027721,613445_2,https://img.hrryzx.com/upload/1/2019/2/19/14f08ee3-151e-4600-8f4d-389b2b4fd737.JPG;https://img.hrryzx.com/upload/1/2019/2/19/5e47ac83-83b2-4288-b0a3-9fd37f685f68.JPG;https://img.hrryzx.com/upload/1/2019/2/19/11622f39-745d-483b-928a-5cf6bd3d75f6.JPG
96,1700203,603675_2,https://img.hrryzx.com/upload/1/2018/10/22/6ab09c1d-9b13-4d08-a3cc-700a929b626b.jpg;https://img.hrryzx.com/upload/1/2018/10/22/bb266d71-d679-488e-94a9-5b7dbbdf3247.jpg;https://img.hrryzx.com/upload/1/2018/10/22/15d0dbd2-e7ba-479c-be52-f302a157a12c.jpg
97,1129015,545018_2,https://img.hrryzx.com/upload/1/2019/1/22/08556756-5eb2-4350-a80f-94f219b82f98.jpg;https://img.hrryzx.com/upload/1/2019/1/22/7bb99d8e-53a7-4d2a-8c1a-73383e5ca8dd.jpg;https://img.hrryzx.com/upload/1/2019/1/22/961abc17-3cbf-42f1-b604-bddfbafd6db0.jpg
98,1685938,598438_2,https://img.hrryzx.com/upload/1/2019/3/30/52a96280-a861-453e-a96c-68a7d96a4b2e.jpg;https://img.hrryzx.com/upload/1/2019/3/30/56236abd-21e5-4c00-9bce-c576e21a941e.jpg;https://img.hrryzx.com/upload/1/2019/3/30/dc31f4e7-127f-4bdc-9c17-0100ea03000b.jpg
